{
    "info": {
        "_postman_id": "expense-tracker-api-2024",
        "name": "Expense Tracker API",
        "description": "Complete API collection for Expense Tracker backend with endpoints for users, categories, expenses, and statistics/analytics.",
        "schema": "https://schema.getpostman.com/json/collection/v2.1.0/collection.json",
        "_exporter_id": "expense-tracker"
    },
    "item": [
        {
            "name": "Root",
            "item": [
                {
                    "name": "Get API Information",
                    "request": {
                        "method": "GET",
                        "header": [],
                        "url": {
                            "raw": "{{base_url}}/",
                            "host": [
                                "{{base_url}}"
                            ],
                            "path": [
                                ""
                            ]
                        },
                        "description": "Returns API version and available endpoints information"
                    },
                    "response": []
                }
            ],
            "description": "Main API information endpoint"
        },
        {
            "name": "Users",
            "item": [
                {
                    "name": "Get All Users",
                    "request": {
                        "method": "GET",
                        "header": [],
                        "url": {
                            "raw": "{{base_url}}/api/users",
                            "host": [
                                "{{base_url}}"
                            ],
                            "path": [
                                "api",
                                "users"
                            ]
                        },
                        "description": "Retrieve all users in the system, sorted alphabetically by name"
                    },
                    "response": [
                        {
                            "name": "Success Response",
                            "originalRequest": {
                                "method": "GET",
                                "header": [],
                                "url": {
                                    "raw": "{{base_url}}/api/users",
                                    "host": [
                                        "{{base_url}}"
                                    ],
                                    "path": [
                                        "api",
                                        "users"
                                    ]
                                }
                            },
                            "status": "OK",
                            "code": 200,
                            "_postman_previewlanguage": "json",
                            "header": [
                                {
                                    "key": "Content-Type",
                                    "value": "application/json"
                                }
                            ],
                            "cookie": [],
                            "body": "{\n    \"success\": true,\n    \"count\": 2,\n    \"data\": [\n        {\n            \"id\": 1,\n            \"name\": \"John Doe\",\n            \"email\": \"john@example.com\",\n            \"status\": \"active\",\n            \"created_at\": \"2024-01-15T10:30:00.000Z\"\n        },\n        {\n            \"id\": 2,\n            \"name\": \"Jane Smith\",\n            \"email\": \"jane@example.com\",\n            \"status\": \"active\",\n            \"created_at\": \"2024-01-16T14:20:00.000Z\"\n        }\n    ]\n}"
                        }
                    ]
                },
                {
                    "name": "Get User by ID",
                    "request": {
                        "method": "GET",
                        "header": [],
                        "url": {
                            "raw": "{{base_url}}/api/users/:id",
                            "host": [
                                "{{base_url}}"
                            ],
                            "path": [
                                "api",
                                "users",
                                ":id"
                            ],
                            "variable": [
                                {
                                    "key": "id",
                                    "value": "1",
                                    "description": "User ID"
                                }
                            ]
                        },
                        "description": "Retrieve a specific user by their ID"
                    },
                    "response": [
                        {
                            "name": "Success Response",
                            "originalRequest": {
                                "method": "GET",
                                "header": [],
                                "url": {
                                    "raw": "{{base_url}}/api/users/1",
                                    "host": [
                                        "{{base_url}}"
                                    ],
                                    "path": [
                                        "api",
                                        "users",
                                        "1"
                                    ]
                                }
                            },
                            "status": "OK",
                            "code": 200,
                            "_postman_previewlanguage": "json",
                            "header": [
                                {
                                    "key": "Content-Type",
                                    "value": "application/json"
                                }
                            ],
                            "cookie": [],
                            "body": "{\n    \"success\": true,\n    \"data\": {\n        \"id\": 1,\n        \"name\": \"John Doe\",\n        \"email\": \"john@example.com\",\n        \"status\": \"active\",\n        \"created_at\": \"2024-01-15T10:30:00.000Z\"\n    }\n}"
                        },
                        {
                            "name": "User Not Found",
                            "originalRequest": {
                                "method": "GET",
                                "header": [],
                                "url": {
                                    "raw": "{{base_url}}/api/users/999",
                                    "host": [
                                        "{{base_url}}"
                                    ],
                                    "path": [
                                        "api",
                                        "users",
                                        "999"
                                    ]
                                }
                            },
                            "status": "Not Found",
                            "code": 404,
                            "_postman_previewlanguage": "json",
                            "header": [
                                {
                                    "key": "Content-Type",
                                    "value": "application/json"
                                }
                            ],
                            "cookie": [],
                            "body": "{\n    \"success\": false,\n    \"message\": \"User not found\"\n}"
                        }
                    ]
                }
            ],
            "description": "Endpoints for managing users"
        },
        {
            "name": "Categories",
            "item": [
                {
                    "name": "Get All Categories",
                    "request": {
                        "method": "GET",
                        "header": [],
                        "url": {
                            "raw": "{{base_url}}/api/categories",
                            "host": [
                                "{{base_url}}"
                            ],
                            "path": [
                                "api",
                                "categories"
                            ]
                        },
                        "description": "Retrieve all expense categories, sorted alphabetically by name"
                    },
                    "response": [
                        {
                            "name": "Success Response",
                            "originalRequest": {
                                "method": "GET",
                                "header": [],
                                "url": {
                                    "raw": "{{base_url}}/api/categories",
                                    "host": [
                                        "{{base_url}}"
                                    ],
                                    "path": [
                                        "api",
                                        "categories"
                                    ]
                                }
                            },
                            "status": "OK",
                            "code": 200,
                            "_postman_previewlanguage": "json",
                            "header": [
                                {
                                    "key": "Content-Type",
                                    "value": "application/json"
                                }
                            ],
                            "cookie": [],
                            "body": "{\n    \"success\": true,\n    \"count\": 6,\n    \"data\": [\n        {\n            \"id\": 3,\n            \"name\": \"Entertainment\",\n            \"created_at\": \"2024-01-15T10:30:00.000Z\"\n        },\n        {\n            \"id\": 1,\n            \"name\": \"Food & Dining\",\n            \"created_at\": \"2024-01-15T10:30:00.000Z\"\n        },\n        {\n            \"id\": 6,\n            \"name\": \"Healthcare\",\n            \"created_at\": \"2024-01-15T10:30:00.000Z\"\n        },\n        {\n            \"id\": 4,\n            \"name\": \"Shopping\",\n            \"created_at\": \"2024-01-15T10:30:00.000Z\"\n        },\n        {\n            \"id\": 2,\n            \"name\": \"Transportation\",\n            \"created_at\": \"2024-01-15T10:30:00.000Z\"\n        },\n        {\n            \"id\": 5,\n            \"name\": \"Utilities\",\n            \"created_at\": \"2024-01-15T10:30:00.000Z\"\n        }\n    ]\n}"
                        }
                    ]
                },
                {
                    "name": "Get Category by ID",
                    "request": {
                        "method": "GET",
                        "header": [],
                        "url": {
                            "raw": "{{base_url}}/api/categories/:id",
                            "host": [
                                "{{base_url}}"
                            ],
                            "path": [
                                "api",
                                "categories",
                                ":id"
                            ],
                            "variable": [
                                {
                                    "key": "id",
                                    "value": "1",
                                    "description": "Category ID"
                                }
                            ]
                        },
                        "description": "Retrieve a specific category by its ID"
                    },
                    "response": [
                        {
                            "name": "Success Response",
                            "originalRequest": {
                                "method": "GET",
                                "header": [],
                                "url": {
                                    "raw": "{{base_url}}/api/categories/1",
                                    "host": [
                                        "{{base_url}}"
                                    ],
                                    "path": [
                                        "api",
                                        "categories",
                                        "1"
                                    ]
                                }
                            },
                            "status": "OK",
                            "code": 200,
                            "_postman_previewlanguage": "json",
                            "header": [
                                {
                                    "key": "Content-Type",
                                    "value": "application/json"
                                }
                            ],
                            "cookie": [],
                            "body": "{\n    \"success\": true,\n    \"data\": {\n        \"id\": 1,\n        \"name\": \"Food & Dining\",\n        \"created_at\": \"2024-01-15T10:30:00.000Z\"\n    }\n}"
                        },
                        {
                            "name": "Category Not Found",
                            "originalRequest": {
                                "method": "GET",
                                "header": [],
                                "url": {
                                    "raw": "{{base_url}}/api/categories/999",
                                    "host": [
                                        "{{base_url}}"
                                    ],
                                    "path": [
                                        "api",
                                        "categories",
                                        "999"
                                    ]
                                }
                            },
                            "status": "Not Found",
                            "code": 404,
                            "_postman_previewlanguage": "json",
                            "header": [
                                {
                                    "key": "Content-Type",
                                    "value": "application/json"
                                }
                            ],
                            "cookie": [],
                            "body": "{\n    \"success\": false,\n    \"message\": \"Category not found\"\n}"
                        }
                    ]
                }
            ],
            "description": "Endpoints for managing expense categories"
        },
        {
            "name": "Expenses",
            "item": [
                {
                    "name": "Get All Expenses",
                    "request": {
                        "method": "GET",
                        "header": [],
                        "url": {
                            "raw": "{{base_url}}/api/expenses",
                            "host": [
                                "{{base_url}}"
                            ],
                            "path": [
                                "api",
                                "expenses"
                            ],
                            "query": [
                                {
                                    "key": "user_id",
                                    "value": "1",
                                    "description": "Filter by user ID",
                                    "disabled": true
                                },
                                {
                                    "key": "category_id",
                                    "value": "1",
                                    "description": "Filter by category ID",
                                    "disabled": true
                                },
                                {
                                    "key": "start_date",
                                    "value": "2024-01-01",
                                    "description": "Filter from this date (YYYY-MM-DD)",
                                    "disabled": true
                                },
                                {
                                    "key": "end_date",
                                    "value": "2024-12-31",
                                    "description": "Filter until this date (YYYY-MM-DD)",
                                    "disabled": true
                                }
                            ]
                        },
                        "description": "Retrieve all expenses with optional filters. Enable query parameters as needed."
                    },
                    "response": [
                        {
                            "name": "Success Response - All Expenses",
                            "originalRequest": {
                                "method": "GET",
                                "header": [],
                                "url": {
                                    "raw": "{{base_url}}/api/expenses",
                                    "host": [
                                        "{{base_url}}"
                                    ],
                                    "path": [
                                        "api",
                                        "expenses"
                                    ]
                                }
                            },
                            "status": "OK",
                            "code": 200,
                            "_postman_previewlanguage": "json",
                            "header": [
                                {
                                    "key": "Content-Type",
                                    "value": "application/json"
                                }
                            ],
                            "cookie": [],
                            "body": "{\n    \"success\": true,\n    \"count\": 3,\n    \"data\": [\n        {\n            \"id\": 15,\n            \"user_id\": 1,\n            \"user_name\": \"John Doe\",\n            \"category_id\": 1,\n            \"category_name\": \"Food & Dining\",\n            \"amount\": \"45\",\n            \"date\": \"2024-01-20\",\n            \"description\": \"Dinner at restaurant\",\n            \"created_at\": \"2024-01-20T20:30:00.000Z\",\n            \"updated_at\": \"2024-01-20T20:30:00.000Z\"\n        },\n        {\n            \"id\": 14,\n            \"user_id\": 1,\n            \"user_name\": \"John Doe\",\n            \"category_id\": 2,\n            \"category_name\": \"Transportation\",\n            \"amount\": \"25\",\n            \"date\": \"2024-01-19\",\n            \"description\": \"Taxi fare\",\n            \"created_at\": \"2024-01-19T18:15:00.000Z\",\n            \"updated_at\": \"2024-01-19T18:15:00.000Z\"\n        }\n    ]\n}"
                        }
                    ]
                },
                {
                    "name": "Get Expenses with Filters",
                    "request": {
                        "method": "GET",
                        "header": [],
                        "url": {
                            "raw": "{{base_url}}/api/expenses?user_id=1&start_date=2024-01-01&end_date=2024-12-31",
                            "host": [
                                "{{base_url}}"
                            ],
                            "path": [
                                "api",
                                "expenses"
                            ],
                            "query": [
                                {
                                    "key": "user_id",
                                    "value": "1",
                                    "description": "Filter by user ID"
                                },
                                {
                                    "key": "start_date",
                                    "value": "2024-01-01",
                                    "description": "Start date (YYYY-MM-DD)"
                                },
                                {
                                    "key": "end_date",
                                    "value": "2024-12-31",
                                    "description": "End date (YYYY-MM-DD)"
                                }
                            ]
                        },
                        "description": "Example: Get all expenses for user 1 in year 2024"
                    },
                    "response": []
                },
                {
                    "name": "Get Expense by ID",
                    "request": {
                        "method": "GET",
                        "header": [],
                        "url": {
                            "raw": "{{base_url}}/api/expenses/:id",
                            "host": [
                                "{{base_url}}"
                            ],
                            "path": [
                                "api",
                                "expenses",
                                ":id"
                            ],
                            "variable": [
                                {
                                    "key": "id",
                                    "value": "1",
                                    "description": "Expense ID"
                                }
                            ]
                        },
                        "description": "Retrieve a specific expense by its ID"
                    },
                    "response": [
                        {
                            "name": "Success Response",
                            "originalRequest": {
                                "method": "GET",
                                "header": [],
                                "url": {
                                    "raw": "{{base_url}}/api/expenses/15",
                                    "host": [
                                        "{{base_url}}"
                                    ],
                                    "path": [
                                        "api",
                                        "expenses",
                                        "15"
                                    ]
                                }
                            },
                            "status": "OK",
                            "code": 200,
                            "_postman_previewlanguage": "json",
                            "header": [
                                {
                                    "key": "Content-Type",
                                    "value": "application/json"
                                }
                            ],
                            "cookie": [],
                            "body": "{\n    \"success\": true,\n    \"data\": {\n        \"id\": 15,\n        \"user_id\": 1,\n        \"user_name\": \"John Doe\",\n        \"category_id\": 1,\n        \"category_name\": \"Food & Dining\",\n        \"amount\": \"45\",\n        \"date\": \"2024-01-20\",\n        \"description\": \"Dinner at restaurant\",\n        \"created_at\": \"2024-01-20T20:30:00.000Z\",\n        \"updated_at\": \"2024-01-20T20:30:00.000Z\"\n    }\n}"
                        },
                        {
                            "name": "Expense Not Found",
                            "originalRequest": {
                                "method": "GET",
                                "header": [],
                                "url": {
                                    "raw": "{{base_url}}/api/expenses/999",
                                    "host": [
                                        "{{base_url}}"
                                    ],
                                    "path": [
                                        "api",
                                        "expenses",
                                        "999"
                                    ]
                                }
                            },
                            "status": "Not Found",
                            "code": 404,
                            "_postman_previewlanguage": "json",
                            "header": [
                                {
                                    "key": "Content-Type",
                                    "value": "application/json"
                                }
                            ],
                            "cookie": [],
                            "body": "{\n    \"success\": false,\n    \"message\": \"Expense not found\"\n}"
                        }
                    ]
                },
                {
                    "name": "Create Expense",
                    "request": {
                        "method": "POST",
                        "header": [
                            {
                                "key": "Content-Type",
                                "value": "application/json"
                            }
                        ],
                        "body": {
                            "mode": "raw",
                            "raw": "{\n    \"user_id\": 1,\n    \"category_id\": 1,\n    \"amount\": 45,\n    \"date\": \"2024-01-20\",\n    \"description\": \"Dinner at restaurant\"\n}"
                        },
                        "url": {
                            "raw": "{{base_url}}/api/expenses",
                            "host": [
                                "{{base_url}}"
                            ],
                            "path": [
                                "api",
                                "expenses"
                            ]
                        },
                        "description": "Create a new expense. Required fields: user_id, category_id, amount, date. Optional: description"
                    },
                    "response": [
                        {
                            "name": "Success Response",
                            "originalRequest": {
                                "method": "POST",
                                "header": [
                                    {
                                        "key": "Content-Type",
                                        "value": "application/json"
                                    }
                                ],
                                "body": {
                                    "mode": "raw",
                                    "raw": "{\n    \"user_id\": 1,\n    \"category_id\": 1,\n    \"amount\": 45,\n    \"date\": \"2024-01-20\",\n    \"description\": \"Dinner at restaurant\"\n}"
                                },
                                "url": {
                                    "raw": "{{base_url}}/api/expenses",
                                    "host": [
                                        "{{base_url}}"
                                    ],
                                    "path": [
                                        "api",
                                        "expenses"
                                    ]
                                }
                            },
                            "status": "Created",
                            "code": 201,
                            "_postman_previewlanguage": "json",
                            "header": [
                                {
                                    "key": "Content-Type",
                                    "value": "application/json"
                                }
                            ],
                            "cookie": [],
                            "body": "{\n    \"success\": true,\n    \"message\": \"Expense added successfully\",\n    \"data\": {\n        \"id\": 15,\n        \"user_id\": 1,\n        \"user_name\": \"John Doe\",\n        \"category_id\": 1,\n        \"category_name\": \"Food & Dining\",\n        \"amount\": \"45\",\n        \"date\": \"2024-01-20\",\n        \"description\": \"Dinner at restaurant\",\n        \"created_at\": \"2024-01-20T20:30:00.000Z\",\n        \"updated_at\": \"2024-01-20T20:30:00.000Z\"\n    }\n}"
                        },
                        {
                            "name": "Validation Error",
                            "originalRequest": {
                                "method": "POST",
                                "header": [
                                    {
                                        "key": "Content-Type",
                                        "value": "application/json"
                                    }
                                ],
                                "body": {
                                    "mode": "raw",
                                    "raw": "{\n    \"user_id\": 1,\n    \"amount\": -10\n}"
                                },
                                "url": {
                                    "raw": "{{base_url}}/api/expenses",
                                    "host": [
                                        "{{base_url}}"
                                    ],
                                    "path": [
                                        "api",
                                        "expenses"
                                    ]
                                }
                            },
                            "status": "Bad Request",
                            "code": 400,
                            "_postman_previewlanguage": "json",
                            "header": [
                                {
                                    "key": "Content-Type",
                                    "value": "application/json"
                                }
                            ],
                            "cookie": [],
                            "body": "{\n    \"success\": false,\n    \"message\": \"Validation failed\",\n    \"errors\": [\n        {\n            \"field\": \"category_id\",\n            \"message\": \"Category is required\"\n        },\n        {\n            \"field\": \"amount\",\n            \"message\": \"Amount must be a positive number greater than 0\"\n        },\n        {\n            \"field\": \"date\",\n            \"message\": \"Date is required\"\n        }\n    ]\n}"
                        }
                    ]
                },
                {
                    "name": "Update Expense",
                    "request": {
                        "method": "PUT",
                        "header": [
                            {
                                "key": "Content-Type",
                                "value": "application/json"
                            }
                        ],
                        "body": {
                            "mode": "raw",
                            "raw": "{\n    \"amount\": 50,\n    \"description\": \"Updated dinner cost\"\n}"
                        },
                        "url": {
                            "raw": "{{base_url}}/api/expenses/:id",
                            "host": [
                                "{{base_url}}"
                            ],
                            "path": [
                                "api",
                                "expenses",
                                ":id"
                            ],
                            "variable": [
                                {
                                    "key": "id",
                                    "value": "15",
                                    "description": "Expense ID to update"
                                }
                            ]
                        },
                        "description": "Update an existing expense. All fields are optional - only include fields you want to update."
                    },
                    "response": [
                        {
                            "name": "Success Response",
                            "originalRequest": {
                                "method": "PUT",
                                "header": [
                                    {
                                        "key": "Content-Type",
                                        "value": "application/json"
                                    }
                                ],
                                "body": {
                                    "mode": "raw",
                                    "raw": "{\n    \"amount\": 50,\n    \"description\": \"Updated dinner cost\"\n}"
                                },
                                "url": {
                                    "raw": "{{base_url}}/api/expenses/15",
                                    "host": [
                                        "{{base_url}}"
                                    ],
                                    "path": [
                                        "api",
                                        "expenses",
                                        "15"
                                    ]
                                }
                            },
                            "status": "OK",
                            "code": 200,
                            "_postman_previewlanguage": "json",
                            "header": [
                                {
                                    "key": "Content-Type",
                                    "value": "application/json"
                                }
                            ],
                            "cookie": [],
                            "body": "{\n    \"success\": true,\n    \"message\": \"Expense updated successfully\",\n    \"data\": {\n        \"id\": 15,\n        \"user_id\": 1,\n        \"user_name\": \"John Doe\",\n        \"category_id\": 1,\n        \"category_name\": \"Food & Dining\",\n        \"amount\": \"50\",\n        \"date\": \"2024-01-20\",\n        \"description\": \"Updated dinner cost\",\n        \"created_at\": \"2024-01-20T20:30:00.000Z\",\n        \"updated_at\": \"2024-01-21T10:15:00.000Z\"\n    }\n}"
                        }
                    ]
                },
                {
                    "name": "Delete Expense",
                    "request": {
                        "method": "DELETE",
                        "header": [],
                        "url": {
                            "raw": "{{base_url}}/api/expenses/:id",
                            "host": [
                                "{{base_url}}"
                            ],
                            "path": [
                                "api",
                                "expenses",
                                ":id"
                            ],
                            "variable": [
                                {
                                    "key": "id",
                                    "value": "15",
                                    "description": "Expense ID to delete"
                                }
                            ]
                        },
                        "description": "Delete an expense by its ID"
                    },
                    "response": [
                        {
                            "name": "Success Response",
                            "originalRequest": {
                                "method": "DELETE",
                                "header": [],
                                "url": {
                                    "raw": "{{base_url}}/api/expenses/15",
                                    "host": [
                                        "{{base_url}}"
                                    ],
                                    "path": [
                                        "api",
                                        "expenses",
                                        "15"
                                    ]
                                }
                            },
                            "status": "OK",
                            "code": 200,
                            "_postman_previewlanguage": "json",
                            "header": [
                                {
                                    "key": "Content-Type",
                                    "value": "application/json"
                                }
                            ],
                            "cookie": [],
                            "body": "{\n    \"success\": true,\n    \"message\": \"Expense deleted successfully\"\n}"
                        },
                        {
                            "name": "Expense Not Found",
                            "originalRequest": {
                                "method": "DELETE",
                                "header": [],
                                "url": {
                                    "raw": "{{base_url}}/api/expenses/999",
                                    "host": [
                                        "{{base_url}}"
                                    ],
                                    "path": [
                                        "api",
                                        "expenses",
                                        "999"
                                    ]
                                }
                            },
                            "status": "Not Found",
                            "code": 404,
                            "_postman_previewlanguage": "json",
                            "header": [
                                {
                                    "key": "Content-Type",
                                    "value": "application/json"
                                }
                            ],
                            "cookie": [],
                            "body": "{\n    \"success\": false,\n    \"message\": \"Expense not found\"\n}"
                        }
                    ]
                }
            ],
            "description": "Full CRUD operations for expense management with filtering capabilities"
        },
        {
            "name": "Statistics",
            "item": [
                {
                    "name": "Get Top 3 Days by Expenditure",
                    "request": {
                        "method": "GET",
                        "header": [],
                        "url": {
                            "raw": "{{base_url}}/api/statistics/top-days",
                            "host": [
                                "{{base_url}}"
                            ],
                            "path": [
                                "api",
                                "statistics",
                                "top-days"
                            ]
                        },
                        "description": "Returns the top 3 days with highest expenditure for each user"
                    },
                    "response": [
                        {
                            "name": "Success Response",
                            "originalRequest": {
                                "method": "GET",
                                "header": [],
                                "url": {
                                    "raw": "{{base_url}}/api/statistics/top-days",
                                    "host": [
                                        "{{base_url}}"
                                    ],
                                    "path": [
                                        "api",
                                        "statistics",
                                        "top-days"
                                    ]
                                }
                            },
                            "status": "OK",
                            "code": 200,
                            "_postman_previewlanguage": "json",
                            "header": [
                                {
                                    "key": "Content-Type",
                                    "value": "application/json"
                                }
                            ],
                            "cookie": [],
                            "body": "{\n    \"success\": true,\n    \"message\": \"Top 3 days by expenditure for each user\",\n    \"data\": [\n        {\n            \"user_id\": 1,\n            \"user_name\": \"John Doe\",\n            \"top_days\": [\n                {\n                    \"date\": \"2024-01-15\",\n                    \"amount\": 250.5\n                },\n                {\n                    \"date\": \"2024-01-10\",\n                    \"amount\": 180.25\n                },\n                {\n                    \"date\": \"2024-01-08\",\n                    \"amount\": 150\n                }\n            ]\n        },\n        {\n            \"user_id\": 2,\n            \"user_name\": \"Jane Smith\",\n            \"top_days\": [\n                {\n                    \"date\": \"2024-01-18\",\n                    \"amount\": 320\n                },\n                {\n                    \"date\": \"2024-01-12\",\n                    \"amount\": 200.75\n                },\n                {\n                    \"date\": \"2024-01-05\",\n                    \"amount\": 175.5\n                }\n            ]\n        }\n    ]\n}"
                        }
                    ]
                },
                {
                    "name": "Get Monthly Change",
                    "request": {
                        "method": "GET",
                        "header": [],
                        "url": {
                            "raw": "{{base_url}}/api/statistics/monthly-change",
                            "host": [
                                "{{base_url}}"
                            ],
                            "path": [
                                "api",
                                "statistics",
                                "monthly-change"
                            ]
                        },
                        "description": "Calculates the percentage change in total expenditure compared to the previous month for each user"
                    },
                    "response": [
                        {
                            "name": "Success Response",
                            "originalRequest": {
                                "method": "GET",
                                "header": [],
                                "url": {
                                    "raw": "{{base_url}}/api/statistics/monthly-change",
                                    "host": [
                                        "{{base_url}}"
                                    ],
                                    "path": [
                                        "api",
                                        "statistics",
                                        "monthly-change"
                                    ]
                                }
                            },
                            "status": "OK",
                            "code": 200,
                            "_postman_previewlanguage": "json",
                            "header": [
                                {
                                    "key": "Content-Type",
                                    "value": "application/json"
                                }
                            ],
                            "cookie": [],
                            "body": "{\n    \"success\": true,\n    \"message\": \"Percentage change in expenditure from previous month\",\n    \"data\": [\n        {\n            \"user_id\": 1,\n            \"user_name\": \"John Doe\",\n            \"current_month\": \"2024-01\",\n            \"previous_month\": \"2023-12\",\n            \"previous_amount\": 1500,\n            \"current_amount\": 1800,\n            \"percentage_change\": 20\n        },\n        {\n            \"user_id\": 1,\n            \"user_name\": \"John Doe\",\n            \"current_month\": \"2023-12\",\n            \"previous_month\": \"2023-11\",\n            \"previous_amount\": 1200,\n            \"current_amount\": 1500,\n            \"percentage_change\": 25\n        }\n    ]\n}"
                        }
                    ]
                },
                {
                    "name": "Predict Next Month Expenditure",
                    "request": {
                        "method": "GET",
                        "header": [],
                        "url": {
                            "raw": "{{base_url}}/api/statistics/predict-next-month",
                            "host": [
                                "{{base_url}}"
                            ],
                            "path": [
                                "api",
                                "statistics",
                                "predict-next-month"
                            ]
                        },
                        "description": "Predicts next month's total expenditure based on the average of the last 3 months for each user"
                    },
                    "response": [
                        {
                            "name": "Success Response",
                            "originalRequest": {
                                "method": "GET",
                                "header": [],
                                "url": {
                                    "raw": "{{base_url}}/api/statistics/predict-next-month",
                                    "host": [
                                        "{{base_url}}"
                                    ],
                                    "path": [
                                        "api",
                                        "statistics",
                                        "predict-next-month"
                                    ]
                                }
                            },
                            "status": "OK",
                            "code": 200,
                            "_postman_previewlanguage": "json",
                            "header": [
                                {
                                    "key": "Content-Type",
                                    "value": "application/json"
                                }
                            ],
                            "cookie": [],
                            "body": "{\n    \"success\": true,\n    \"message\": \"Next month expenditure prediction based on last 3 months average\",\n    \"data\": [\n        {\n            \"user_id\": 1,\n            \"user_name\": \"John Doe\",\n            \"next_month\": \"2024-02\",\n            \"months_analyzed\": 3,\n            \"last_months_data\": \"2024-01: $1800.00, 2023-12: $1500.00, 2023-11: $1200.00\",\n            \"predicted_amount\": 1500\n        },\n        {\n            \"user_id\": 2,\n            \"user_name\": \"Jane Smith\",\n            \"next_month\": \"2024-02\",\n            \"months_analyzed\": 3,\n            \"last_months_data\": \"2024-01: $2200.00, 2023-12: $2000.00, 2023-11: $1800.00\",\n            \"predicted_amount\": 2000\n        }\n    ]\n}"
                        }
                    ]
                }
            ],
            "description": "Advanced analytics and statistics endpoints for expense analysis and predictions"
        }
    ],
    "variable": [
        {
            "key": "base_url",
            "value": "http://localhost:5000",
            "type": "string"
        }
    ]
}